title,company,location,platform,posted_date,salary,visa_friendly,url,scraped_at
Quantium Data Analytics Virtual Experience Program,Quantium,"Melbourne, VIC",GradConnection,Closing in,,unknown,https://au.gradconnection.com/employers/quantium/jobs/quantium-quantium-data-analytics-virtual-experience-program-68/,2026-05-11 23:45:26
Business & Functional Analyst Intern - NTT DATA,NTT DATA,"Melbourne, VIC",GradConnection,Closing in,,unknown,https://au.gradconnection.com/employers/ntt/jobs/ntt-business-functional-analyst-intern-ntt-data/,2026-05-11 23:45:26
Tax Advisory Vacationer Program | 2026/27,Deloitte,"Melbourne, VIC",GradConnection,New!,,yes,https://au.gradconnection.com/employers/deloitte/jobs/deloitte-tax-advisory-vacationer-program-202627-2-2/,2026-05-11 23:45:26
"Vacationer program: Audit, Business Advisory, Tax and Corporate Finance 2026/2027",SW,"Melbourne, VIC",GradConnection,Closing in,,yes,https://au.gradconnection.com/employers/sw-australia/jobs/sw-vacationer-program-audit-business-advisory-tax-and-corporate-finance-20262027-2-2/,2026-05-11 23:45:26
2026/2027 Macquarie Summer Internship Program – Melbourne and Perth - Accounting,Macquarie Group,"Melbourne, VIC",GradConnection,Closing in,,unknown,https://au.gradconnection.com/employers/macquarie-group/jobs/macquarie-group-20262027-macquarie-summer-internship-program-melbourne-and-perth-accounting/,2026-05-11 23:45:26
2026 Treasury Internship Program,Department of the Treasury,"Melbourne, VIC",GradConnection,Closing in,,no,https://au.gradconnection.com/employers/department-of-the-treasury/jobs/department-of-the-treasury-2026-treasury-internship-program/,2026-05-11 23:45:26
Virtual Learning Program - Project Finance,White & Case,"Melbourne, VIC",GradConnection,Closing in,,unknown,https://au.gradconnection.com/employers/white-case/jobs/white-case-virtual-learning-program-project-finance-8/,2026-05-11 23:45:31
2026/27 KPMG Vacationer Program – Tax - Rolling Intake,KPMG,"Melbourne, VIC",GradConnection,Closing in,,unknown,https://au.gradconnection.com/employers/kpmg/jobs/kpmg-202627-kpmg-vacationer-program-tax-2/,2026-05-11 23:45:31
"2026/27 KPMG Vacationer Program – Audit, Corporate Finance & Assurance - Rolling Intake",KPMG,"Melbourne, VIC",GradConnection,Closing in,,unknown,https://au.gradconnection.com/employers/kpmg/jobs/kpmg-202627-kpmg-vacationer-program-audit-corporate-finance-assurance-2/,2026-05-11 23:45:31
2026/27 KPMG Vacationer Program – Accounting - Rolling Intake,KPMG,"Melbourne, VIC",GradConnection,Closing in,,unknown,https://au.gradconnection.com/employers/kpmg/jobs/kpmg-202627-kpmg-vacationer-program-accounting-2/,2026-05-11 23:45:31
"2026/27 KPMG Vacationer Program – Business, Consulting & Risk - Rolling Intake",KPMG,"Melbourne, VIC",GradConnection,Closing in,,unknown,https://au.gradconnection.com/employers/kpmg/jobs/kpmg-202627-kpmg-vacationer-program-business-consulting-risk-2/,2026-05-11 23:45:31
EY Technology Risk Virtual Experience Program – Forage,EY,"Melbourne, VIC",GradConnection,Closing in,,yes,https://au.gradconnection.com/employers/ey/jobs/ey-ey-technology-risk-virtual-experience-program-forage/,2026-05-11 23:45:35
2026/27 EY Vacationer Program – Accounting,EY,"Melbourne, VIC",GradConnection,Closing in,,yes,https://au.gradconnection.com/employers/ey/jobs/ey-202627-ey-vacationer-program-accounting/,2026-05-11 23:45:35
2026/27 EY Vacationer Program – Economics,EY,"Melbourne, VIC",GradConnection,Closing in,,yes,https://au.gradconnection.com/employers/ey/jobs/ey-202627-ey-vacationer-program-economics/,2026-05-11 23:45:35
2026/27 EY Vacationer Program – Finance,EY,"Melbourne, VIC",GradConnection,Closing in,,yes,https://au.gradconnection.com/employers/ey/jobs/ey-202627-ey-vacationer-program-finance/,2026-05-11 23:45:35
2026/27 EY Vacationer Program – Tax,EY,"Melbourne, VIC",GradConnection,Closing in,,yes,https://au.gradconnection.com/employers/ey/jobs/ey-202627-ey-vacationer-program-tax/,2026-05-11 23:45:35
2026/27 EY Vacationer Program – Audit,EY,"Melbourne, VIC",GradConnection,Closing in,,yes,https://au.gradconnection.com/employers/ey/jobs/ey-202627-ey-vacationer-program-audit/,2026-05-11 23:45:40
[EOI] Internship Program 2027: Economics & Property,Urbis,"Melbourne, VIC",GradConnection,Closing in,,unknown,https://au.gradconnection.com/employers/urbis/jobs/urbis-internship-program-2027-economics-property-3/,2026-05-11 23:45:40
Finance Internship Program | Aussie Winter/Spring 26,CareerDC,"Melbourne, VIC",GradConnection,Closing in,,unknown,https://au.gradconnection.com/employers/careerdc/jobs/careerdc-finance-internship-program-aussie-winterspring-26/,2026-05-11 23:45:40
Accounting Internship Program | Aussie Winter/Spring 26,CareerDC,"Melbourne, VIC",GradConnection,Closing in,,yes,https://au.gradconnection.com/employers/careerdc/jobs/careerdc-accounting-internship-program-aussie-winterspring-26/,2026-05-11 23:45:40
Individual Tax Accountant Placement Program,Accounts NextGen,"Melbourne, VIC",GradConnection,Closing in,,unknown,https://au.gradconnection.com/employers/accounts-nextgen/jobs/accounts-nextgen-individual-tax-accountant-placement-program-3-2/,2026-05-11 23:45:44
Individual Tax Accountant Work Simulation Program,Accounts NextGen,"Melbourne, VIC",GradConnection,Closing in,,unknown,https://au.gradconnection.com/employers/accounts-nextgen/jobs/accounts-nextgen-individual-tax-accountant-placement-program-3-2-2/,2026-05-11 23:45:44
Accounting & Tax Internship – Australia-Wide Placement Opportunities!,Accounts NextGen,"Melbourne, VIC",GradConnection,Closing in,,unknown,https://au.gradconnection.com/employers/accounts-nextgen/jobs/accounts-nextgen-accounting-tax-internship-australia-wide-placement-opportunities-7-2/,2026-05-11 23:45:44
Data Analyst Internship Program 2026,Readygrad,"Melbourne, VIC",GradConnection,New!,,unknown,https://au.gradconnection.com/employers/readygrad/jobs/readygrad-data-analyst-internship-program-2026-9/,2026-05-11 23:45:44
2026 Accounting Internships on Offer – Join Australia’s Top Placement Program,Premium Graduate Placements,"Melbourne, VIC",GradConnection,Closing in,,unknown,https://au.gradconnection.com/employers/premium-graduate-placements/jobs/premium-graduate-placements-2026-accounting-internships-on-offer-join-australias-top-placement-program-5/,2026-05-11 23:45:44
2026 Finance Internships – Immediate Opportunities Available,Premium Graduate Placements,"Melbourne, VIC",GradConnection,Closing in,,unknown,https://au.gradconnection.com/employers/premium-graduate-placements/jobs/premium-graduate-placements-2026-finance-internships-immediate-opportunities-available-4/,2026-05-11 23:45:44
Notify Me - Australian Securities and Investments Commission Internships,Australian Securities and Investments Commission,"Melbourne, VIC",GradConnection,,,unknown,https://au.gradconnection.com/employers/asic/notifyme/notify-me-australian-securities-and-investments--4/,2026-05-11 23:45:55
Notify Me - Australian Taxation Office Internships,Australian Taxation Office,"Melbourne, VIC",GradConnection,,,unknown,https://au.gradconnection.com/employers/australian-taxation-office/notifyme/notify-me-australian-taxation-office-internships/,2026-05-11 23:46:00
Global Investment Banking & Capital Markets Summer Analyst - 2026/27 - Sydney,Bank of America,"Sydney, New South Wales, Australia",LinkedIn,2026-04-21,,unknown,https://au.linkedin.com/jobs/view/global-investment-banking-capital-markets-summer-analyst-2026-27-sydney-at-bank-of-america-4372351083,2026-05-11 23:47:48
Financial Analyst,myGwork - LGBTQ+ Business Community,"Sydney, New South Wales, Australia",LinkedIn,2026-05-10,,unknown,https://au.linkedin.com/jobs/view/financial-analyst-at-mygwork-lgbtq%2B-business-community-4412364169,2026-05-11 23:47:51
Financial Analyst – Grow Your Career in Forensic Accounting,Crawford & Company,"Millers Point, New South Wales, Australia",LinkedIn,2026-04-22,,unknown,https://au.linkedin.com/jobs/view/financial-analyst-%E2%80%93-grow-your-career-in-forensic-accounting-at-crawford-company-4404969066,2026-05-11 23:47:51
Financial Analyst,Martin Brower ANZ,Greater Sydney Area,LinkedIn,2026-04-23,,unknown,https://au.linkedin.com/jobs/view/financial-analyst-at-martin-brower-anz-4404786234,2026-05-11 23:47:51
BNP Paribas Sydney - 2026 Long Term Internship (6 months) - Banking Service Operations,BNP Paribas,"Sydney, New South Wales, Australia",LinkedIn,2026-04-17,,unknown,https://au.linkedin.com/jobs/view/bnp-paribas-sydney-2026-long-term-internship-6-months-banking-service-operations-at-bnp-paribas-4403415978,2026-05-11 23:47:55
BNP Paribas Sydney - 2026 Long Term Internship (6 months) - Middle Office,BNP Paribas,"Sydney, New South Wales, Australia",LinkedIn,2026-04-17,,unknown,https://au.linkedin.com/jobs/view/bnp-paribas-sydney-2026-long-term-internship-6-months-middle-office-at-bnp-paribas-4403421304,2026-05-11 23:47:55
Graduate Equity Analyst: 2027,Susquehanna International Group,"Sydney, New South Wales, Australia",LinkedIn,2026-04-30,,unknown,https://au.linkedin.com/jobs/view/graduate-equity-analyst-2027-at-susquehanna-international-group-4406719389,2026-05-11 23:47:58
Equity Analyst Internship: November 2026,Susquehanna International Group,"Sydney, New South Wales, Australia",LinkedIn,2026-04-30,,unknown,https://au.linkedin.com/jobs/view/equity-analyst-internship-november-2026-at-susquehanna-international-group-4406731089,2026-05-11 23:47:58
Expressions of Interest - Graduate Quantitative Researcher 2027,Optiver,"Sydney, New South Wales, Australia",LinkedIn,2026-04-26,,unknown,https://au.linkedin.com/jobs/view/expressions-of-interest-graduate-quantitative-researcher-2027-at-optiver-4404628096,2026-05-11 23:47:58
Quantitative Researcher Internship - 2026-27,Optiver,"Sydney, New South Wales, Australia",LinkedIn,2026-04-27,,unknown,https://au.linkedin.com/jobs/view/quantitative-researcher-internship-2026-27-at-optiver-4404677648,2026-05-11 23:47:58
Graduate Macro Analyst: 2027,Susquehanna International Group,"Sydney, New South Wales, Australia",LinkedIn,2026-04-30,,unknown,https://au.linkedin.com/jobs/view/graduate-macro-analyst-2027-at-susquehanna-international-group-4406721314,2026-05-11 23:47:58
Macro Analyst Internship: November 2026,Susquehanna International Group,"Sydney, New South Wales, Australia",LinkedIn,2026-04-30,,unknown,https://au.linkedin.com/jobs/view/macro-analyst-internship-november-2026-at-susquehanna-international-group-4406726199,2026-05-11 23:47:58
投资实习,华侨星城,上海,实习僧,,见详情,n/a,https://www.shixiseng.com/intern/inn_luv28odudjpl,2026-05-11 23:48:17
实习投资助理（硬科技方向）,青锐创投,上海,实习僧,,见详情,n/a,https://www.shixiseng.com/intern/inn_bvztpw3at78o,2026-05-11 23:48:21
私募基金产品经理,合绎投资,上海,实习僧,,见详情,n/a,https://www.shixiseng.com/intern/inn_lxe11lvvwwxs,2026-05-11 23:48:26
私募产品研究岗（实习）,广发证券,上海,实习僧,,见详情,n/a,https://www.shixiseng.com/intern/inn_xmz5a5bp9wo4,2026-05-11 23:48:26
私募基金研究岗实习,方普投资,上海,实习僧,,见详情,n/a,https://www.shixiseng.com/intern/inn_ae6nm5musyvs,2026-05-11 23:48:26
私募基金实习,上海君是财务咨询有限公司,上海,实习僧,,见详情,n/a,https://www.shixiseng.com/intern/inn_5u8u1jlyw1m7,2026-05-11 23:48:26
私募证券基金合规风控实习,远东国际租赁,上海,实习僧,,见详情,n/a,https://www.shixiseng.com/intern/inn_3idcjrjb4ho9,2026-05-11 23:48:26
私募股权基金/创投基金实习,川流投资,上海,实习僧,,见详情,n/a,https://www.shixiseng.com/intern/inn_jcmw9md9cznv,2026-05-11 23:48:26
私募股权投资经理及投资者关系实习（硬科技 &  复合方向）,灏煜资本,上海,实习僧,,见详情,n/a,https://www.shixiseng.com/intern/inn_gg4ra6zxnars,2026-05-11 23:48:26
创投基金实习分析,青锐创投,上海,实习僧,,见详情,n/a,https://www.shixiseng.com/intern/inn_sqb990wqaiow,2026-05-11 23:48:30
基金,国海富兰克林基金,上海,实习僧,,见详情,n/a,https://www.shixiseng.com/intern/inn_tzlb28wpxqpk,2026-05-11 23:48:30
基金实习,华鑫证券,上海,实习僧,,见详情,n/a,https://www.shixiseng.com/intern/inn_73wr2p6ptb1m,2026-05-11 23:48:30
基金助理,上海双创投资中心,上海,实习僧,,见详情,n/a,https://www.shixiseng.com/intern/inn_pu5isxqqxybk,2026-05-11 23:48:30
基金管理中心实习,朗姿韩亚资管,上海,实习僧,,见详情,n/a,https://www.shixiseng.com/intern/inn_dei5lm5r6eqc,2026-05-11 23:48:30
基金做实习,东方证券,上海,实习僧,,见详情,n/a,https://www.shixiseng.com/intern/inn_hvgliqtnng8c,2026-05-11 23:48:30
干杯基金实习,哔哩哔哩,上海,实习僧,,见详情,n/a,https://www.shixiseng.com/intern/inn_jk7inwfrl7yh,2026-05-11 23:48:30
基金务实习,鼎晖投资,上海,实习僧,,见详情,n/a,https://www.shixiseng.com/intern/inn_ok7hptru2tek,2026-05-11 23:48:30
基金档案管理助理,上海双创投资中心,上海,实习僧,,见详情,n/a,https://www.shixiseng.com/intern/inn_zdgqs3fnh582,2026-05-11 23:48:30
基金事务实习,汇智（中国）,上海,实习僧,,见详情,n/a,https://www.shixiseng.com/intern/inn_oyicz0jpakf0,2026-05-11 23:48:30
基金管理实习,劲邦资本,上海,实习僧,,见详情,n/a,https://www.shixiseng.com/intern/inn_9whauvr3dx2a,2026-05-11 23:48:30
基金实习,佰纳阳基金会,上海,实习僧,,见详情,n/a,https://www.shixiseng.com/intern/inn_vrijqgzbeni2,2026-05-11 23:48:30
云锋基金-医疗实习,云锋基金,上海,实习僧,,见详情,n/a,https://www.shixiseng.com/intern/inn_rz7hjv3ryjaq,2026-05-11 23:48:34
云锋基金-科技实习,云锋基金,上海,实习僧,,见详情,n/a,https://www.shixiseng.com/intern/inn_ivxbmc6fvxmo,2026-05-11 23:48:34
沿科技基金业研究实习,创新工场,上海,实习僧,,见详情,n/a,https://www.shixiseng.com/intern/inn_9ixti3mt9axe,2026-05-11 23:48:34
投资分析实习（企业级服务基金）,东方富海,上海,实习僧,,见详情,n/a,https://www.shixiseng.com/intern/inn_dsr2kc2y0qo6,2026-05-11 23:48:34
国金证券国金道富-海外基金,国金证券,上海,实习僧,,见详情,n/a,https://www.shixiseng.com/intern/inn_khhrav1sbgpi,2026-05-11 23:48:34
中欧富 基金投顾业务实习,中欧基金,上海,实习僧,,见详情,n/a,https://www.shixiseng.com/intern/inn_gkhpqgyd6ohr,2026-05-11 23:48:34
中欧富 量化基金研究实习,中欧基金,上海,实习僧,,见详情,n/a,https://www.shixiseng.com/intern/inn_t2d0pijidthr,2026-05-11 23:48:34
弘基金线上助理业务经理（实习） 上海,天弘基金,上海,实习僧,,见详情,n/a,https://www.shixiseng.com/intern/inn_vnbck06mwfwj,2026-05-11 23:48:34
业研究员助理（实习）,伏犀资本,上海,实习僧,,见详情,n/a,https://www.shixiseng.com/intern/inn_8u0mmurekdd9,2026-05-11 23:48:38
固收上海办公室自营业研究员实习,国融证券,上海,实习僧,,见详情,n/a,https://www.shixiseng.com/intern/inn_1girbmqiympq,2026-05-11 23:48:38
业研究员实习,野尘智能,上海,实习僧,,见详情,n/a,https://www.shixiseng.com/intern/inn_39dq4zkcfygi,2026-05-11 23:48:38
业研究员助理,野尘智能,上海,实习僧,,见详情,n/a,https://www.shixiseng.com/intern/inn_wcbro7f4z1r8,2026-05-11 23:48:38
投资实习/业研究员,汉博投资HBC,上海,实习僧,,见详情,n/a,https://www.shixiseng.com/intern/inn_sapncyg98qox,2026-05-11 23:48:38
业研究员（先进制造、新材料、新能源）-有转正机,中航证券,上海,实习僧,,见详情,n/a,https://www.shixiseng.com/intern/inn_o30wfayjoowk,2026-05-11 23:48:38
业研究员,智诚资本,上海,实习僧,,见详情,n/a,https://www.shixiseng.com/intern/inn_0v9t6jt91fdk,2026-05-11 23:48:38
业助理研究员,野尘智能,上海,实习僧,,见详情,n/a,https://www.shixiseng.com/intern/inn_wwvmit2o6yty,2026-05-11 23:48:38
投研实习岗,创业接力,上海,实习僧,,见详情,n/a,https://www.shixiseng.com/intern/inn_rvejye0lbkck,2026-05-11 23:48:42
上海办公室量化及资产配置投研实习,国融证券,上海,实习僧,,见详情,n/a,https://www.shixiseng.com/intern/inn_fqyyk36vsugo,2026-05-11 23:48:42
投资类实习（上海）,昆桥资本,上海,实习僧,,见详情,n/a,https://www.shixiseng.com/intern/inn_qsxuzrj1nsgp,2026-05-11 23:48:46
投资研究实习-高瓴创投,高瓴联合校招,上海,实习僧,,见详情,n/a,https://www.shixiseng.com/intern/inn_go4qj9ed6qn2,2026-05-11 23:48:46
业硬科技投资实习-高瓴创投,高瓴联合校招,上海,实习僧,,见详情,n/a,https://www.shixiseng.com/intern/inn_qsxk60u3h04x,2026-05-11 23:48:46
投资者关系,济峰资本,上海,实习僧,,见详情,n/a,https://www.shixiseng.com/intern/inn_4bmhq4hmqidk,2026-05-11 23:48:46
投研实习（股权并购类）,华民投,上海,实习僧,,见详情,n/a,https://www.shixiseng.com/intern/inn_hl2jvs0wne2w,2026-05-11 23:48:46
投资助理,美特瑞,上海,实习僧,,见详情,n/a,https://www.shixiseng.com/intern/inn_3oneu2jtrhqh,2026-05-11 23:48:46
投资实习,上海地产城方,上海,实习僧,,见详情,n/a,https://www.shixiseng.com/intern/inn_wknnjwgv9ye3,2026-05-11 23:48:46
投资部实习,开泰远景,上海,实习僧,,见详情,n/a,https://www.shixiseng.com/intern/inn_kxs2nrknci1u,2026-05-11 23:48:46
投资实习,携程集团,上海,实习僧,,见详情,n/a,https://www.shixiseng.com/intern/inn_pht5dnncl9ar,2026-05-11 23:48:50
投资部实习,上海拙朴投资,上海,实习僧,,见详情,n/a,https://www.shixiseng.com/intern/inn_yq7nfalolhvl,2026-05-11 23:48:50
投资实习,携程集团,上海,实习僧,,见详情,n/a,https://www.shixiseng.com/intern/inn_ledvdowqxawg,2026-05-11 23:48:50
投资实习,熠美投资,上海,实习僧,,见详情,n/a,https://www.shixiseng.com/intern/inn_32i7p5tdjf3c,2026-05-11 23:48:50
投资实习,晨晖创投,上海,实习僧,,见详情,n/a,https://www.shixiseng.com/intern/inn_j0pf06blxkyz,2026-05-11 23:48:50
投资实习,成为资本,上海,实习僧,,见详情,n/a,https://www.shixiseng.com/intern/inn_nkkytev9l6jv,2026-05-11 23:48:50
投资助理,机锂资本,上海,实习僧,,见详情,n/a,https://www.shixiseng.com/intern/inn_ukbjhcogqjfe,2026-05-11 23:48:50
投资实习,上源资本,上海,实习僧,,见详情,n/a,https://www.shixiseng.com/intern/inn_or5aqa6zyx0i,2026-05-11 23:48:50
投资实习,修远资本,上海,实习僧,,见详情,n/a,https://www.shixiseng.com/intern/inn_ei0wq1pzb7ai,2026-05-11 23:48:50
投资实习,太保资本,上海,实习僧,,见详情,n/a,https://www.shixiseng.com/intern/inn_mge7aaibjlqu,2026-05-11 23:48:50
投资实习,昊辰资本,上海,实习僧,,见详情,n/a,https://www.shixiseng.com/intern/inn_btu4sjqdjflw,2026-05-11 23:48:50
投资实习,中海地产上海公司,上海,实习僧,,见详情,n/a,https://www.shixiseng.com/intern/inn_6qrtnhceh9jj,2026-05-11 23:48:50
投资实习,携程集团,上海,实习僧,,见详情,n/a,https://www.shixiseng.com/intern/inn_vzzsqzkddsam,2026-05-11 23:48:50
投资助理,马笛儿投资,上海,实习僧,,见详情,n/a,https://www.shixiseng.com/intern/inn_nnx4x65sqycn,2026-05-11 23:48:50
投资实习,孚腾资本,上海,实习僧,,见详情,n/a,https://www.shixiseng.com/intern/inn_riduqspbgcgp,2026-05-11 23:48:50
投资部实习,高麓集团,上海,实习僧,,见详情,n/a,https://www.shixiseng.com/intern/inn_f7hsxou2cu05,2026-05-11 23:48:50
投资实习,青屹创投,上海,实习僧,,见详情,n/a,https://www.shixiseng.com/intern/inn_zgegycgbunbp,2026-05-11 23:48:50
投资实习,一村资本,上海,实习僧,,见详情,n/a,https://www.shixiseng.com/intern/inn_vivaveel6dwd,2026-05-11 23:48:50
投资实习,耀途资本,上海,实习僧,,见详情,n/a,https://www.shixiseng.com/intern/inn_gmqsvjdcjxfp,2026-05-11 23:48:50
投资实习,长江绿色发展基金,上海,实习僧,,见详情,n/a,https://www.shixiseng.com/intern/inn_uog3ueene7op,2026-05-11 23:48:50
组合投资部-投资助理实习（有）,国金证券,上海,实习僧,,见详情,n/a,https://www.shixiseng.com/intern/inn_s6sx65jpuiva,2026-05-11 23:48:54
项目实习-投资分析(),中金公司,全国,实习僧,,见详情,n/a,https://www.shixiseng.com/intern/inn_qlvbapfseodu,2026-05-11 23:48:54
投资经理助理(),东北证券,上海,实习僧,,见详情,n/a,https://www.shixiseng.com/intern/inn_zu4uiqzdafmd,2026-05-11 23:48:54
风险投资实习,复星锐正资本,上海,实习僧,,见详情,n/a,https://www.shixiseng.com/intern/inn_mn1qcscg4vns,2026-05-11 23:48:54
投资分析实习,Ventech China,上海,实习僧,,见详情,n/a,https://www.shixiseng.com/intern/inn_wkz9rrmkiyka,2026-05-11 23:48:54
投资分析实习,上海地产城方,上海,实习僧,,见详情,n/a,https://www.shixiseng.com/intern/inn_nfsoqvpchrmo,2026-05-11 23:48:54
投资实习（投后）,携程集团,上海,实习僧,,见详情,n/a,https://www.shixiseng.com/intern/inn_ayb7txj7da3z,2026-05-11 23:48:54
全球投资部实习,华安基金,上海,实习僧,,见详情,n/a,https://www.shixiseng.com/intern/inn_zm5criv2xkkl,2026-05-11 23:48:54
半导体芯片投资实习,耀途资本,上海,实习僧,,见详情,n/a,https://www.shixiseng.com/intern/inn_m6jh3qdwdvck,2026-05-11 23:48:54
产业投资实习,汇智（中国）,上海,实习僧,,见详情,n/a,https://www.shixiseng.com/intern/inn_9txsfnateasu,2026-05-11 23:48:54
投资经理助理实习,麟毅资本,上海,实习僧,,见详情,n/a,https://www.shixiseng.com/intern/inn_bee12xli6hrf,2026-05-11 23:48:54
投资实习,渤海证券,上海,实习僧,,见详情,n/a,https://www.shixiseng.com/intern/inn_brnbt1km1zyw,2026-05-11 23:48:54
投资实习,渤海证券,上海,实习僧,,见详情,n/a,https://www.shixiseng.com/intern/inn_sdazmzezwrhx,2026-05-11 23:48:54
投资经理助理实习,宜信财富,上海,实习僧,,见详情,n/a,https://www.shixiseng.com/intern/inn_v7zrjjlhrbcy,2026-05-11 23:48:54
投资助理实习,恒基浦业,上海,实习僧,,见详情,n/a,https://www.shixiseng.com/intern/inn_ldse0pvahslx,2026-05-11 23:48:54
战略投资实习,斯凯孚（中国）有限公司,上海,实习僧,,见详情,n/a,https://www.shixiseng.com/intern/inn_ziacia0emry1,2026-05-11 23:48:54
投资团队实习,金浦产业投资基金管理有限公司,上海,实习僧,,见详情,n/a,https://www.shixiseng.com/intern/inn_v5ggrfd7mdjd,2026-05-11 23:48:54
投资分析实习,百联新零售产业基金,上海,实习僧,,见详情,n/a,https://www.shixiseng.com/intern/inn_4myx7u7pzsoe,2026-05-11 23:48:54
权益投资实习,天风证券,上海,实习僧,,见详情,n/a,https://www.shixiseng.com/intern/inn_fu5pxhcrakj3,2026-05-11 23:48:54
量化投资研究员,玉数投资,上海,实习僧,,见详情,n/a,https://www.shixiseng.com/intern/inn_6kwizbbc0ucs,2026-05-11 23:48:58
投资分析实习,渊泓投资,上海,实习僧,,见详情,n/a,https://www.shixiseng.com/intern/inn_ceofje3x17hs,2026-05-11 23:48:58
投资团队实习,东海证券股份有限公司,上海,实习僧,,见详情,n/a,https://www.shixiseng.com/intern/inn_tcntgg6as82a,2026-05-11 23:48:58
投资部实习,华侨银行,上海,实习僧,,见详情,n/a,https://www.shixiseng.com/intern/inn_ffi9n9drjnl0,2026-05-11 23:48:58
投资助理实习,TASLY-天士力资本,上海,实习僧,,见详情,n/a,https://www.shixiseng.com/intern/inn_oa3lcfhlut6w,2026-05-11 23:48:58
投资业务总部-投资业务十部实习,兴业证券,上海,实习僧,,见详情,n/a,https://www.shixiseng.com/intern/inn_277fdx5tvgxf,2026-05-11 23:48:58
艾想投资秋冬季实习,申通科技集团,上海,实习僧,,见详情,n/a,https://www.shixiseng.com/intern/inn_2ddowy2z4vcr,2026-05-11 23:48:58
投资实习（医疗方向）,孚腾资本,上海,实习僧,,见详情,n/a,https://www.shixiseng.com/intern/inn_s2jdupo6ifjx,2026-05-11 23:48:58
东证资本-投资部实习,东证资本,上海,实习僧,,见详情,n/a,https://www.shixiseng.com/intern/inn_8aepmkqv80dn,2026-05-11 23:48:58
投资业务岗（上海）,东方证券,上海,实习僧,,见详情,n/a,https://www.shixiseng.com/intern/inn_oyxmzvoofdzh,2026-05-11 23:48:58
投资研究管培,华医资本,上海,实习僧,,见详情,n/a,https://www.shixiseng.com/intern/inn_u6brx2asqwgp,2026-05-11 23:48:58
投资研究员助理实习,开源证券,上海,实习僧,,见详情,n/a,https://www.shixiseng.com/intern/inn_jkrudxphtogz,2026-05-11 23:48:58
量化投资实习-上海,因诺资产,上海,实习僧,,见详情,n/a,https://www.shixiseng.com/intern/inn_svgdbtits5hc,2026-05-11 23:48:58
投资信用分析实习,大都会人寿,上海,实习僧,,见详情,n/a,https://www.shixiseng.com/intern/inn_hrbou4cuxgtt,2026-05-11 23:48:58
固定收益投资实习,复星保德信,上海,实习僧,,见详情,n/a,https://www.shixiseng.com/intern/inn_itc6jsasi60n,2026-05-11 23:48:58
投资实习---上海,贝塔斯曼,上海,实习僧,,见详情,n/a,https://www.shixiseng.com/intern/inn_xxblwptlmpg2,2026-05-11 23:48:58
量化投资部量化实习,安信基金,上海,实习僧,,见详情,n/a,https://www.shixiseng.com/intern/inn_fggsjd9wpzsy,2026-05-11 23:48:58
地产、投资岗业务助理,坤凌资产,上海,实习僧,,见详情,n/a,https://www.shixiseng.com/intern/inn_7h7upzrusibr,2026-05-11 23:48:58
投资实习（新能源方向）,耀途资本,上海,实习僧,,见详情,n/a,https://www.shixiseng.com/intern/inn_ft0hczlvjiom,2026-05-11 23:48:58
战略投资研究实习,潼骁投资,上海,实习僧,,见详情,n/a,https://www.shixiseng.com/intern/inn_pls4bcfo1mkr,2026-05-11 23:48:58
投资部实习（医疗方向）,诺庾资本,上海,实习僧,,见详情,n/a,https://www.shixiseng.com/intern/inn_vabejebn3s85,2026-05-11 23:49:03
投资实习（有留用）,澜起投资,上海,实习僧,,见详情,n/a,https://www.shixiseng.com/intern/inn_990lpdy3sjzm,2026-05-11 23:49:03
金融投资/信托经理助理,华能信托,上海,实习僧,,见详情,n/a,https://www.shixiseng.com/intern/inn_5yqgpcld8suy,2026-05-11 23:49:03
新能源业投资助理,兴旺投资,上海,实习僧,,见详情,n/a,https://www.shixiseng.com/intern/inn_7advsvvayzjv,2026-05-11 23:49:03
股权投资实习（上海）,越秀产业基金,上海,实习僧,,见详情,n/a,https://www.shixiseng.com/intern/inn_kadkchqo6aos,2026-05-11 23:49:03
电商消费投资研实习,巨鹿资本,上海,实习僧,,见详情,n/a,https://www.shixiseng.com/intern/inn_cq3kclypbwiq,2026-05-11 23:49:03
投资研究实习（资产管理部）,华鑫证券,上海,实习僧,,见详情,n/a,https://www.shixiseng.com/intern/inn_8m9ayv65ayag,2026-05-11 23:49:03
博世创业投资实习-,博世中国,上海,实习僧,,见详情,n/a,https://www.shixiseng.com/intern/inn_lkausamq8mgj,2026-05-11 23:49:03
量化投资实习-暑期实习,因诺资产,上海,实习僧,,见详情,n/a,https://www.shixiseng.com/intern/inn_xysj7vfrl47j,2026-05-11 23:49:03
实习 - 投资风险管理,大都会人寿,上海,实习僧,,见详情,n/a,https://www.shixiseng.com/intern/inn_qi2sq5vnfeku,2026-05-11 23:49:03
兴证资管-固收投资实习,兴业证券,上海,实习僧,,见详情,n/a,https://www.shixiseng.com/intern/inn_h23wjc5r8ktt,2026-05-11 23:49:03
投资并购部实习（方向）,东久新宜,上海,实习僧,,见详情,n/a,https://www.shixiseng.com/intern/inn_oyzokj00whif,2026-05-11 23:49:03
投资经理助理（智微资本-实习）,中微公司,上海,实习僧,,见详情,n/a,https://www.shixiseng.com/intern/inn_vfjvhhdi0am7,2026-05-11 23:49:03
投资实习-硬科技方向,孚腾资本,上海,实习僧,,见详情,n/a,https://www.shixiseng.com/intern/inn_a7cq4i5dctlt,2026-05-11 23:49:03
实习投资/投后经理(上海),仁智资本,上海,实习僧,,见详情,n/a,https://www.shixiseng.com/intern/inn_ejn6zr4kc2ll,2026-05-11 23:49:03
商科金融投资课老,MECAMP,上海,实习僧,,见详情,n/a,https://www.shixiseng.com/intern/inn_boof5xymvj5l,2026-05-11 23:49:03
多资产策略投资助理岗实习,国海证券,上海,实习僧,,见详情,n/a,https://www.shixiseng.com/intern/inn_ooxsjhtfrdsz,2026-05-11 23:49:03
固收投资支持实习 (),财通证券资管,上海,实习僧,,见详情,n/a,https://www.shixiseng.com/intern/inn_p1dyylhrnsdo,2026-05-11 23:49:03
投资研究实习（固定收益总部）,华鑫证券,上海,实习僧,,见详情,n/a,https://www.shixiseng.com/intern/inn_kp5qywqg2eyn,2026-05-11 23:49:03
日常实习：投资实习（上海）,东方证券,上海,实习僧,,见详情,n/a,https://www.shixiseng.com/intern/inn_j3q5zbxhf9eu,2026-05-11 23:49:03
衍品投资支持实习 (),财通证券资管,上海,实习僧,,见详情,n/a,https://www.shixiseng.com/intern/inn_u0igl2bbv0xz,2026-05-11 23:49:26
投资部-债券承做实习（上海）,一创投行,上海,实习僧,,见详情,n/a,https://www.shixiseng.com/intern/inn_mnwmtqbhpfdn,2026-05-11 23:49:26
富管理部-投资顾问中心实习,兴业证券,上海,实习僧,,见详情,n/a,https://www.shixiseng.com/intern/inn_lvnrwgv08dtb,2026-05-11 23:49:26
投研实习—科技方向,好来互利(北京)科技有限公司,北京,实习僧,,见详情,n/a,https://www.shixiseng.com/intern/inn_egpwp3umhmrf,2026-05-11 23:49:36
私募基金-投研实习,大谦资管,北京,实习僧,,见详情,n/a,https://www.shixiseng.com/intern/inn_a0hujk86yvsm,2026-05-11 23:49:39
项目实习-私募股权产品研究(),中金财富,北京,实习僧,,见详情,n/a,https://www.shixiseng.com/intern/inn_wuwwarzglrgl,2026-05-11 23:49:39
长江资本-私募股权投资业务实习（北京）,长江资本,北京,实习僧,,见详情,n/a,https://www.shixiseng.com/intern/inn_nl9jvnathvcy,2026-05-11 23:49:39
留用实习/初级律（私募与股权投融领域）,环球律师事务所,北京,实习僧,,见详情,n/a,https://www.shixiseng.com/intern/inn_n4hxyjkscxat,2026-05-11 23:49:39
项目实习-组织力（私募股权业务方向）(),中金公司,北京,实习僧,,见详情,n/a,https://www.shixiseng.com/intern/inn_nmqymgoxvsl5,2026-05-11 23:49:39
惠每资本−医疗私募股权投资机构 【岗位名称/职责】 募资部-府与公,惠每资本,北京,实习僧,,见详情,n/a,https://www.shixiseng.com/intern/inn_l7sevvmyipui,2026-05-11 23:49:39
基金务实习,湖岸投资,北京,实习僧,,见详情,n/a,https://www.shixiseng.com/intern/inn_ysp8nbxi0jfp,2026-05-11 23:49:44
基金实习,风炎投资,北京,实习僧,,见详情,n/a,https://www.shixiseng.com/intern/inn_jnzd5evrqe3v,2026-05-11 23:49:44
基金经理助理,达鼎投资,北京,实习僧,,见详情,n/a,https://www.shixiseng.com/intern/inn_znicm1kpajgq,2026-05-11 23:49:44
基金实习,知行中科基金,北京,实习僧,,见详情,n/a,https://www.shixiseng.com/intern/inn_bqfq1cwklkyx,2026-05-11 23:49:44
基金务实习,鼎晖投资,北京,实习僧,,见详情,n/a,https://www.shixiseng.com/intern/inn_zcypqtmpjo2p,2026-05-11 23:49:44
基金支持实习,交叉科技,北京,实习僧,,见详情,n/a,https://www.shixiseng.com/intern/inn_myc8favtsjiy,2026-05-11 23:49:44
股权投资基金实习,德载厚基金,北京,实习僧,,见详情,n/a,https://www.shixiseng.com/intern/inn_wrukdpftsvlo,2026-05-11 23:49:44
基金中心实习,基金会发展论坛,北京,实习僧,,见详情,n/a,https://www.shixiseng.com/intern/inn_rypr9jjwh4af,2026-05-11 23:49:44
项目实习-基金(),中金公司,北京,实习僧,,见详情,n/a,https://www.shixiseng.com/intern/inn_sftmlrhovsgk,2026-05-11 23:49:44
项目实习-基金业务管理岗(),中金公司,北京,实习僧,,见详情,n/a,https://www.shixiseng.com/intern/inn_nanx9em8tnwa,2026-05-11 23:49:44
项目实习-力资源岗（中金基金方向）,中金公司,北京,实习僧,,见详情,n/a,https://www.shixiseng.com/intern/inn_86rxe3vlgcwh,2026-05-11 23:49:44
投资实习（基金研究和资产配置方向）,百颐资本,北京,实习僧,,见详情,n/a,https://www.shixiseng.com/intern/inn_monto47y9bpg,2026-05-11 23:49:44
项目实习-股票基金研究 (),中金财富,北京,实习僧,,见详情,n/a,https://www.shixiseng.com/intern/inn_nfdnpkmxhtom,2026-05-11 23:49:48
项目实习-力资源岗（中金基金方向）(),中金公司,北京,实习僧,,见详情,n/a,https://www.shixiseng.com/intern/inn_jakydxhzeiy9,2026-05-11 23:49:48
信托经理助理（基金支持）-标品业务管理总部,五矿信托,北京,实习僧,,见详情,n/a,https://www.shixiseng.com/intern/inn_wf06uwlat46g,2026-05-11 23:49:48
中国发展研究基金公共关系部 英语/翻译专业实习,中国发展研究基金会,北京,实习僧,,见详情,n/a,https://www.shixiseng.com/intern/inn_seggexmahaex,2026-05-11 23:49:48
猎头实习【业-具备顶级客户资源，线美元基金投资】,RMC人力咨询,北京,实习僧,,见详情,n/a,https://www.shixiseng.com/intern/inn_2riuhcy9jscy,2026-05-11 23:49:48
业研究员（实习）,华宇软件,北京,实习僧,,见详情,n/a,https://www.shixiseng.com/intern/inn_wb3vggvfu6rx,2026-05-11 23:49:52
证券投资部业研究员（实习）,国融证券,北京,实习僧,,见详情,n/a,https://www.shixiseng.com/intern/inn_2psmlhvj5cvv,2026-05-11 23:49:52
业研究员,东联和信,北京,实习僧,,见详情,n/a,https://www.shixiseng.com/intern/inn_pgxm4lda3wga,2026-05-11 23:49:52
金融研究员,金厚财务顾问,北京,实习僧,,见详情,n/a,https://www.shixiseng.com/intern/inn_jzgkammirhk0,2026-05-11 23:49:52
量化投研实习岗,睿凝资本,北京,实习僧,,见详情,n/a,https://www.shixiseng.com/intern/inn_zppaeueandiv,2026-05-11 23:49:56
量化研究员助理,智睿投研,北京,实习僧,,见详情,n/a,https://www.shixiseng.com/intern/inn_yv8ke6kojgpu,2026-05-11 23:49:56
创新科技投资实习-高瓴创投,高瓴联合校招,北京,实习僧,,见详情,n/a,https://www.shixiseng.com/intern/inn_nbeertn76pnr,2026-05-11 23:50:00
投资助理,慕华资本,北京,实习僧,,见详情,n/a,https://www.shixiseng.com/intern/inn_i4gnbf2kduhn,2026-05-11 23:50:00
经济金融类实习（员管理方向）,北股交,北京,实习僧,,见详情,n/a,https://www.shixiseng.com/intern/inn_22nujaa5or1k,2026-05-11 23:50:00
投资助理,恒华控股,北京,实习僧,,见详情,n/a,https://www.shixiseng.com/intern/inn_3budmtwgldmf,2026-05-11 23:50:00
投资实习,复星锐正资本,北京,实习僧,,见详情,n/a,https://www.shixiseng.com/intern/inn_xjdmb1mfizkr,2026-05-11 23:50:00
投资实习,蓝驰创投,北京,实习僧,,见详情,n/a,https://www.shixiseng.com/intern/inn_oxind2gholgq,2026-05-11 23:50:00
投资实习,建广资产,北京,实习僧,,见详情,n/a,https://www.shixiseng.com/intern/inn_hoagdhr8gn1z,2026-05-11 23:50:00
投资助理,联想创投,北京,实习僧,,见详情,n/a,https://www.shixiseng.com/intern/inn_nbwasztv2am8,2026-05-11 23:50:00
投资助理,青岸投资,北京,实习僧,,见详情,n/a,https://www.shixiseng.com/intern/inn_33kmdsarzg0v,2026-05-11 23:50:00
投资分析,星瀚资本,北京,实习僧,,见详情,n/a,https://www.shixiseng.com/intern/inn_5ufep6t35j7a,2026-05-11 23:50:00
投资实习,新材智资本,北京,实习僧,,见详情,n/a,https://www.shixiseng.com/intern/inn_3ivb3zre21sk,2026-05-11 23:50:00
投资实习,约印医疗基金,北京,实习僧,,见详情,n/a,https://www.shixiseng.com/intern/inn_dkpdjmgfzgcc,2026-05-11 23:50:00
投资实习,天壹资本,北京,实习僧,,见详情,n/a,https://www.shixiseng.com/intern/inn_lnlmdsbdz1ck,2026-05-11 23:50:00
投资实习,中汇投资,北京,实习僧,,见详情,n/a,https://www.shixiseng.com/intern/inn_n2dtxipjmfwj,2026-05-11 23:50:00
投资助理,金厚财务顾问,北京,实习僧,,见详情,n/a,https://www.shixiseng.com/intern/inn_qlelrb5roimb,2026-05-11 23:50:00
投资助理,金厚财务顾问,北京,实习僧,,见详情,n/a,https://www.shixiseng.com/intern/inn_mshy2zchu6ji,2026-05-11 23:50:00
投资部实习,芯动能投资,北京,实习僧,,见详情,n/a,https://www.shixiseng.com/intern/inn_lpfekoagbuis,2026-05-11 23:50:04
投资交易实习,高力国际,北京,实习僧,,见详情,n/a,https://www.shixiseng.com/intern/inn_q7qbk9ueaovq,2026-05-11 23:50:04
小使投资实习,英诺天使基金,北京,实习僧,,见详情,n/a,https://www.shixiseng.com/intern/inn_eshat7yhay76,2026-05-11 23:50:04
医疗投资实习,险峰K2VC,北京,实习僧,,见详情,n/a,https://www.shixiseng.com/intern/inn_zxvophqfetgb,2026-05-11 23:50:04
投资团队实习,高成投资,北京,实习僧,,见详情,n/a,https://www.shixiseng.com/intern/inn_bzcklo1qazcw,2026-05-11 23:50:04
投资研究支持岗,中航证券,北京,实习僧,,见详情,n/a,https://www.shixiseng.com/intern/inn_ov88s2liukq9,2026-05-11 23:50:04
量化投资实习,因诺资产,北京,实习僧,,见详情,n/a,https://www.shixiseng.com/intern/inn_jsszawwoylnh,2026-05-11 23:50:04
标品投资实习,中粮信托,北京,实习僧,,见详情,n/a,https://www.shixiseng.com/intern/inn_sss8xiaefjmo,2026-05-11 23:50:04
投资经理助理实习,德联资本,北京,实习僧,,见详情,n/a,https://www.shixiseng.com/intern/inn_blnyisnythpr,2026-05-11 23:50:04
投资分析实习,华和资本,北京,实习僧,,见详情,n/a,https://www.shixiseng.com/intern/inn_sz8ym0e6pcfd,2026-05-11 23:50:04
投资助理实习,国科兴和投资,北京,实习僧,,见详情,n/a,https://www.shixiseng.com/intern/inn_km1xzbuufi71,2026-05-11 23:50:04
股权投资实习,正德投资,北京,实习僧,,见详情,n/a,https://www.shixiseng.com/intern/inn_ypklf9yyxfql,2026-05-11 23:50:04
实习投资助理,山河基金,北京,实习僧,,见详情,n/a,https://www.shixiseng.com/intern/inn_afbaszibz2rq,2026-05-11 23:50:04
实习投资助理,山河基金,北京,实习僧,,见详情,n/a,https://www.shixiseng.com/intern/inn_sblppyqolbcb,2026-05-11 23:50:04
投资分析实习,湖畔里程,北京,实习僧,,见详情,n/a,https://www.shixiseng.com/intern/inn_cuckudmajio9,2026-05-11 23:50:04
风险投资实习,蒙牛创投,北京,实习僧,,见详情,n/a,https://www.shixiseng.com/intern/inn_damahfv7eouj,2026-05-11 23:50:04
投资分析实习,领源科创,北京,实习僧,,见详情,n/a,https://www.shixiseng.com/intern/inn_slcyguyql2cm,2026-05-11 23:50:04
投资研究（实习）,青云创投,北京,实习僧,,见详情,n/a,https://www.shixiseng.com/intern/inn_n8aen9msaia1,2026-05-11 23:50:04
影视投资实习,文金创新,北京,实习僧,,见详情,n/a,https://www.shixiseng.com/intern/inn_g6jr2czauw2q,2026-05-11 23:50:04
量化投资经理助理,北京康曼德资本,北京,实习僧,,见详情,n/a,https://www.shixiseng.com/intern/inn_cna9mqsxue7a,2026-05-11 23:50:08
投资实习——业方向,创新工场,北京,实习僧,,见详情,n/a,https://www.shixiseng.com/intern/inn_o04wwm7mwrfm,2026-05-11 23:50:08
投资实习-(),蓝驰创投,北京,实习僧,,见详情,n/a,https://www.shixiseng.com/intern/inn_l16felxvzovm,2026-05-11 23:50:08
投资实习-(),蓝驰创投,北京,实习僧,,见详情,n/a,https://www.shixiseng.com/intern/inn_ohpmhv6v76fq,2026-05-11 23:50:08
固定收益投资部实习,安联资管,北京,实习僧,,见详情,n/a,https://www.shixiseng.com/intern/inn_gkabhm9pbyne,2026-05-11 23:50:08
投资业务岗（北京）,东方证券,北京,实习僧,,见详情,n/a,https://www.shixiseng.com/intern/inn_2t8ebvfmas5g,2026-05-11 23:50:08
投资研究实习,中航基金,北京,实习僧,,见详情,n/a,https://www.shixiseng.com/intern/inn_q2pmqatlegtt,2026-05-11 23:50:08
投资信用分析实习,大都会人寿,北京,实习僧,,见详情,n/a,https://www.shixiseng.com/intern/inn_d2fg3ug0jb8t,2026-05-11 23:50:08
地产/投资岗业务助理,坤凌资产,北京,实习僧,,见详情,n/a,https://www.shixiseng.com/intern/inn_krffsx53lepc,2026-05-11 23:50:08
科技组投资实习（北京）,晨岭资本,北京,实习僧,,见详情,n/a,https://www.shixiseng.com/intern/inn_btfvfcwta5cb,2026-05-11 23:50:08
医药组投资实习（北京）,晨岭资本,北京,实习僧,,见详情,n/a,https://www.shixiseng.com/intern/inn_cmkit7okyvmj,2026-05-11 23:50:08
股权投资助理实习,中意资产,北京,实习僧,,见详情,n/a,https://www.shixiseng.com/intern/inn_4hpta3tfsvtl,2026-05-11 23:50:08
固定收益投资部实习,安联资管,北京,实习僧,,见详情,n/a,https://www.shixiseng.com/intern/inn_wxdjikylsaby,2026-05-11 23:50:08
投资助理丨实习,得沣资本,北京,实习僧,,见详情,n/a,https://www.shixiseng.com/intern/inn_sbj920i66qxm,2026-05-11 23:50:08
金融产品投资部实习,泰康资产,北京,实习僧,,见详情,n/a,https://www.shixiseng.com/intern/inn_ay7slwtc4tgv,2026-05-11 23:50:08
证券投资事业部实习,中信信托,北京,实习僧,,见详情,n/a,https://www.shixiseng.com/intern/inn_e9i17fs6yh23,2026-05-11 23:50:08
云晖资本投资部实习,云晖资本,北京,实习僧,,见详情,n/a,https://www.shixiseng.com/intern/inn_4dqvecsyjl5b,2026-05-11 23:50:08
战略投资、态建及部-实习,联想,北京,实习僧,,见详情,n/a,https://www.shixiseng.com/intern/inn_cempeezzycev,2026-05-11 23:50:08
项目实习-投资管理岗(),中金公司,北京,实习僧,,见详情,n/a,https://www.shixiseng.com/intern/inn_4gmrsbh8znl8,2026-05-11 23:50:12
投资部-债券承做实习,一创投行,北京,实习僧,,见详情,n/a,https://www.shixiseng.com/intern/inn_hl3rwkd8p512,2026-05-11 23:50:12
项目实习-投资管理(),中金财富,北京,实习僧,,见详情,n/a,https://www.shixiseng.com/intern/inn_xr0sddawhios,2026-05-11 23:50:12
资管权益投资部-业研究实习,方正证券,北京,实习僧,,见详情,n/a,https://www.shixiseng.com/intern/inn_ii21h9o4y8vh,2026-05-11 23:50:12
投资分析实习（科技类方向）,华和资本,北京,实习僧,,见详情,n/a,https://www.shixiseng.com/intern/inn_0k6kxpdfzmom,2026-05-11 23:50:12
影响力与投资分析（实习）,青云创投,北京,实习僧,,见详情,n/a,https://www.shixiseng.com/intern/inn_dgguwvnzowgd,2026-05-11 23:50:12
日常实习-衍品投资经理助理,嘉实基金,北京,实习僧,,见详情,n/a,https://www.shixiseng.com/intern/inn_kby4ruok6ims,2026-05-11 23:50:12
基础施股权投资部实习,泰康资产,北京,实习僧,,见详情,n/a,https://www.shixiseng.com/intern/inn_mzqff7erdloy,2026-05-11 23:50:12
/科技投资实习（北京）,贝塔斯曼,北京,实习僧,,见详情,n/a,https://www.shixiseng.com/intern/inn_gohuftk4dxey,2026-05-11 23:50:12
实习投资/投后经理(北京),仁智资本,北京,实习僧,,见详情,n/a,https://www.shixiseng.com/intern/inn_fnmcy3cdl2il,2026-05-11 23:50:12
北京泰康投资-务部实习,泰康资产,北京,实习僧,,见详情,n/a,https://www.shixiseng.com/intern/inn_kfvupew98naf,2026-05-11 23:50:12
北京泰康投资-投后管理部实习,泰康资产,北京,实习僧,,见详情,n/a,https://www.shixiseng.com/intern/inn_f88vtu4vb6yp,2026-05-11 23:50:12
固定收益投资部-债券研究实习,安联资管,北京,实习僧,,见详情,n/a,https://www.shixiseng.com/intern/inn_0cpoiencf7k2,2026-05-11 23:50:12
华兴证券-投资与交易业务部实习,华兴证券,北京,实习僧,,见详情,n/a,https://www.shixiseng.com/intern/inn_o7ymmciz1tgb,2026-05-11 23:50:12
项目实习-投资分析实习(),中金公司,北京,实习僧,,见详情,n/a,https://www.shixiseng.com/intern/inn_lha5xkzg6g4m,2026-05-11 23:50:12
项目实习-投资研究支持岗(),中金公司,北京,实习僧,,见详情,n/a,https://www.shixiseng.com/intern/inn_rom1wbhaue1a,2026-05-11 23:50:12
投资岗实习或录用【实习有优先留用机】,奇安投资,北京,实习僧,,见详情,n/a,https://www.shixiseng.com/intern/inn_8iknguquwsbz,2026-05-11 23:50:12
投资分析、估值模型搭建实习,弘松投资,北京,实习僧,,见详情,n/a,https://www.shixiseng.com/intern/inn_vas2jb2uggmc,2026-05-11 23:50:12
投资分析、估值模型搭建实习,弘松投资,北京,实习僧,,见详情,n/a,https://www.shixiseng.com/intern/inn_i4bbvfrafodo,2026-05-11 23:50:12
投资业务总部-新兴产业部实习（北京）,兴业证券,北京,实习僧,,见详情,n/a,https://www.shixiseng.com/intern/inn_nc7prwvo9cxs,2026-05-11 23:50:16
投资业务总部-业务部实习,兴业证券,北京,实习僧,,见详情,n/a,https://www.shixiseng.com/intern/inn_zc7htbgs16ch,2026-05-11 23:50:16
投资业务总部-业务部实习,兴业证券,北京,实习僧,,见详情,n/a,https://www.shixiseng.com/intern/inn_rpimg1uzat4i,2026-05-11 23:50:16
项目实习-综合投资顾问 (),中金财富,北京,实习僧,,见详情,n/a,https://www.shixiseng.com/intern/inn_7eorlb26kup3,2026-05-11 23:50:16
-投资分析实习(),中金公司,北京,实习僧,,见详情,n/a,https://www.shixiseng.com/intern/inn_jerr2dj3f15y,2026-05-11 23:50:16
美团战略与投资平台--服务零售组实习,美团,北京,实习僧,,见详情,n/a,https://www.shixiseng.com/intern/inn_15b8opzqar0h,2026-05-11 23:50:16
华兴资本- -战略投资实习,华兴资本,北京,实习僧,,见详情,n/a,https://www.shixiseng.com/intern/inn_z3a69uc7mmzo,2026-05-11 23:50:16
【复星创富】北京-投资实习-新代信息技术组,复星创富,北京,实习僧,,见详情,n/a,https://www.shixiseng.com/intern/inn_xi2s2ocawhea,2026-05-11 23:50:16
中信投资控股有限公司-党委办公室实习（文化宣传方向）-北京,实习僧内推助手,北京,实习僧,,见详情,n/a,https://www.shixiseng.com/intern/inn_xyvi9jy416e1,2026-05-11 23:50:16
项目实习-投资分析（物医药方向）- 北京(),中金公司,北京,实习僧,,见详情,n/a,https://www.shixiseng.com/intern/inn_4vvamnhxq7xv,2026-05-11 23:50:16
级投资实习 （医疗/科技/消费方向）,融汇资本,北京,实习僧,,见详情,n/a,https://www.shixiseng.com/intern/inn_deqel06xoqid,2026-05-11 23:50:16
私募基金投资顾问,香橙资本,深圳,实习僧,,见详情,n/a,https://www.shixiseng.com/intern/inn_2ha4egnp1ung,2026-05-11 23:50:53
基金实习,投控东海,深圳,实习僧,,见详情,n/a,https://www.shixiseng.com/intern/inn_wl3upsqrzjbi,2026-05-11 23:50:58
基金部实习,信诺资本,深圳,实习僧,,见详情,n/a,https://www.shixiseng.com/intern/inn_3imfs9wijlsn,2026-05-11 23:50:58
基金实习,金信基金,深圳,实习僧,,见详情,n/a,https://www.shixiseng.com/intern/inn_att59l6qdc8i,2026-05-11 23:50:58
基金产品实习,淳臻投资,深圳,实习僧,,见详情,n/a,https://www.shixiseng.com/intern/inn_ze6ur33ucgef,2026-05-11 23:50:58
公募基金华南渠道实习,国投瑞银基金,深圳,实习僧,,见详情,n/a,https://www.shixiseng.com/intern/inn_dhmxfyuqtzkf,2026-05-11 23:50:58
业研究员实习,金信基金,深圳,实习僧,,见详情,n/a,https://www.shixiseng.com/intern/inn_mxomvtnzqpbw,2026-05-11 23:51:02
投资研究助理,深圳前海博源资产管理有限公司,深圳,实习僧,,见详情,n/a,https://www.shixiseng.com/intern/inn_f6luxsstibac,2026-05-11 23:51:02
业研究员,前海鼎业,深圳,实习僧,,见详情,n/a,https://www.shixiseng.com/intern/inn_zi2dxqgre5fi,2026-05-11 23:51:02
投资业务实习（医疗方向）,前海方舟,深圳,实习僧,,见详情,n/a,https://www.shixiseng.com/intern/inn_72zbwgwoyzki,2026-05-11 23:51:02
投资实习,峰和资本,深圳,实习僧,,见详情,n/a,https://www.shixiseng.com/intern/inn_7co4x36ltgtg,2026-05-11 23:51:02
量化投资研究员实习（/届）,金信基金,深圳,实习僧,,见详情,n/a,https://www.shixiseng.com/intern/inn_ka9ek8bgtubv,2026-05-11 23:51:02
助理研究员（研究部实习）,鼎力,深圳,实习僧,,见详情,n/a,https://www.shixiseng.com/intern/inn_0vttvrqf1mnw,2026-05-11 23:51:02
研究员助理实习,深圳满投财经,深圳,实习僧,,见详情,n/a,https://www.shixiseng.com/intern/inn_twzvm5jxjwuz,2026-05-11 23:51:02
.投资研究实习,仟峰资本Chainhill,深圳,实习僧,,见详情,n/a,https://www.shixiseng.com/intern/inn_nypmiqd7xkxh,2026-05-11 23:51:02
投资类实习,昆桥资本,深圳,实习僧,,见详情,n/a,https://www.shixiseng.com/intern/inn_jubx3kjzjv9c,2026-05-11 23:51:10
投资助理实习,青橙资本,深圳,实习僧,,见详情,n/a,https://www.shixiseng.com/intern/inn_rkuvjq45sjvb,2026-05-11 23:51:10
投资经理助理,凯晟南山,深圳,实习僧,,见详情,n/a,https://www.shixiseng.com/intern/inn_pekufkkvmrnn,2026-05-11 23:51:10
投资推部实习,前海方舟,深圳,实习僧,,见详情,n/a,https://www.shixiseng.com/intern/inn_igeog8bzbdox,2026-05-11 23:51:10
投资业务实习,前海方舟,深圳,实习僧,,见详情,n/a,https://www.shixiseng.com/intern/inn_8577h1tsz70d,2026-05-11 23:51:10
投资实习,松禾资本,深圳,实习僧,,见详情,n/a,https://www.shixiseng.com/intern/inn_urv6kgccemn3,2026-05-11 23:51:10
投资部实习,倚锋资本,深圳,实习僧,,见详情,n/a,https://www.shixiseng.com/intern/inn_cftbbngopip3,2026-05-11 23:51:10
投资助理,同学村创投,深圳,实习僧,,见详情,n/a,https://www.shixiseng.com/intern/inn_9rscq23g1izu,2026-05-11 23:51:10
投资实习（理科）,松禾资本,深圳,实习僧,,见详情,n/a,https://www.shixiseng.com/intern/inn_6yyar55qx5vg,2026-05-11 23:51:10
风险投资实习,复星锐正资本,深圳,实习僧,,见详情,n/a,https://www.shixiseng.com/intern/inn_iuc2vuuiitf8,2026-05-11 23:51:10
投资经理助理（实习）,深智城产投,深圳,实习僧,,见详情,n/a,https://www.shixiseng.com/intern/inn_lxqyfk36uuwn,2026-05-11 23:51:10
投资经理助理实习,投控东海,深圳,实习僧,,见详情,n/a,https://www.shixiseng.com/intern/inn_pqmk9dsukkpa,2026-05-11 23:51:10
股权投资部实习,北航投资,深圳,实习僧,,见详情,n/a,https://www.shixiseng.com/intern/inn_8pxazfia1xah,2026-05-11 23:51:14
投资助理实习,海坤投资,深圳,实习僧,,见详情,n/a,https://www.shixiseng.com/intern/inn_cuecckq0fmnr,2026-05-11 23:51:14
战略与投资实习,TCL,深圳,实习僧,,见详情,n/a,https://www.shixiseng.com/intern/inn_skydubwle5qs,2026-05-11 23:51:14
实习投资经理(深圳),仁智资本,深圳,实习僧,,见详情,n/a,https://www.shixiseng.com/intern/inn_b8emustz8tpg,2026-05-11 23:51:14
投资业务岗（深圳）,东方证券,深圳,实习僧,,见详情,n/a,https://www.shixiseng.com/intern/inn_rlapy741hers,2026-05-11 23:51:14
投资经理助理（创新业务部）,第一创业证券,深圳,实习僧,,见详情,n/a,https://www.shixiseng.com/intern/inn_umte0lluf90o,2026-05-11 23:51:14
地产/投资业务助理,坤凌资产,深圳,实习僧,,见详情,n/a,https://www.shixiseng.com/intern/inn_91c20a1buslj,2026-05-11 23:51:14
投资部-股权承做实习,一创投行,深圳,实习僧,,见详情,n/a,https://www.shixiseng.com/intern/inn_7zky2ccowpz8,2026-05-11 23:51:14
投资经理助理（时尚、消费方向）,深创投,深圳,实习僧,,见详情,n/a,https://www.shixiseng.com/intern/inn_krgdmrqeeqsb,2026-05-11 23:51:14
投资经理助理（化、材料科学方向）,深创投,深圳,实习僧,,见详情,n/a,https://www.shixiseng.com/intern/inn_iv9zmlefzdb4,2026-05-11 23:51:14
金融投资实习-,华能信托,深圳,实习僧,,见详情,n/a,https://www.shixiseng.com/intern/inn_5hkapvzfkvux,2026-05-11 23:51:14
创新投资部-投研实习（深圳）,华鑫证券,深圳,实习僧,,见详情,n/a,https://www.shixiseng.com/intern/inn_szdkbx9htrft,2026-05-11 23:51:14
投资经理实习（硬科技方向）,知行研习院,深圳,实习僧,,见详情,n/a,https://www.shixiseng.com/intern/inn_rqvewlsxisjv,2026-05-11 23:51:14
资产管理部-多元资产投资部实习,华鑫证券,深圳,实习僧,,见详情,n/a,https://www.shixiseng.com/intern/inn_siyxlj7kvatp,2026-05-11 23:51:14
项目实习-投资顾问实习(),中金财富,深圳,实习僧,,见详情,n/a,https://www.shixiseng.com/intern/inn_uu4f8rh0gp7x,2026-05-11 23:51:14
项目实习-投资助理实习 (),中金财富,深圳,实习僧,,见详情,n/a,https://www.shixiseng.com/intern/inn_r7wgefm1zonz,2026-05-11 23:51:14
实习分析（大数据智能与投资研究方向）,常得科技,深圳,实习僧,,见详情,n/a,https://www.shixiseng.com/intern/inn_kndv2hrwgo68,2026-05-11 23:51:18
项目实习-投资管理中台支持岗 (),中金财富,深圳,实习僧,,见详情,n/a,https://www.shixiseng.com/intern/inn_gtsmhsmdwa1o,2026-05-11 23:51:18
项目实习-投资研究及数据分析岗 (),中金财富,深圳,实习僧,,见详情,n/a,https://www.shixiseng.com/intern/inn_pwbjwubpmwxf,2026-05-11 23:51:18
投资业务总部-投高智造业部实习,兴业证券,深圳,实习僧,,见详情,n/a,https://www.shixiseng.com/intern/inn_fm6ujlub7hxo,2026-05-11 23:51:18
华泰期货风险子公司（华泰长城资本管理有限公司）-风控结算实习,华泰长城资本,深圳,实习僧,,见详情,n/a,https://www.shixiseng.com/intern/inn_clchrclnaulg,2026-05-11 23:51:26
